{"stats":{"minecraft:mined":{"minecraft:glass_pane":1,"minecraft:jungle_leaves":2,"minecraft:orange_wool":1,"minecraft:obsidian":1,"minecraft:white_concrete":5,"minecraft:cobblestone":1,"minecraft:lime_wool":1,"minecraft:red_concrete":1,"minecraft:black_concrete":17,"minecraft:iron_bars":3,"minecraft:sand":1,"minecraft:yellow_stained_glass":30,"minecraft:birch_fence":4},"minecraft:custom":{"minecraft:mob_kills":1,"minecraft:eat_cake_slice":1,"minecraft:leave_game":3,"minecraft:time_since_death":1046,"minecraft:time_since_rest":1073,"minecraft:sprint_one_cm":118985,"minecraft:damage_absorbed":240,"minecraft:damage_taken":4473,"minecraft:walk_one_cm":167475,"minecraft:drop":98,"minecraft:damage_dealt":671,"minecraft:talked_to_villager":2,"minecraft:fly_one_cm":56999,"minecraft:open_chest":1,"minecraft:play_time":33042,"minecraft:deaths":10,"minecraft:jump":223,"minecraft:walk_on_water_one_cm":5123,"minecraft:total_world_time":33042,"minecraft:fall_one_cm":35072},"minecraft:dropped":{"minecraft:enchanted_book":1,"minecraft:emerald_block":1,"minecraft:vine":7,"minecraft:black_dye":8,"minecraft:orange_dye":8,"minecraft:cooked_chicken":7,"minecraft:glass_bottle":13,"minecraft:bowl":9,"minecraft:pink_dye":16,"minecraft:lime_wool":1,"minecraft:chicken":16,"minecraft:wither_skeleton_skull":1,"minecraft:lime_dye":8,"minecraft:name_tag":8,"minecraft:purple_dye":8,"minecraft:orange_wool":1,"minecraft:totem_of_undying":2,"minecraft:light_blue_dye":8,"minecraft:dirt":1,"minecraft:blue_dye":16,"minecraft:green_dye":8,"minecraft:skeleton_skull":1,"minecraft:potion":1,"minecraft:chain":8,"minecraft:rabbit_stew":1,"minecraft:iron_bars":2,"minecraft:black_concrete":10,"minecraft:iron_shovel":1,"minecraft:magenta_wool":8,"minecraft:gray_dye":16,"minecraft:beetroot_soup":2},"minecraft:killed_by":{"minecraft:player":7,"minecraft:slime":1},"minecraft:used":{"minecraft:iron_shovel":8,"minecraft:zombie_spawn_egg":1,"minecraft:creeper_head":1,"minecraft:mushroom_stew":2,"minecraft:sponge":1,"minecraft:orange_wool":1,"minecraft:painting":15,"minecraft:cake":1,"minecraft:obsidian":1,"minecraft:enderman_spawn_egg":1,"minecraft:apple":1,"minecraft:red_wool":8,"minecraft:green_wool":8,"minecraft:netherite_axe":6,"minecraft:totem_of_undying":4,"minecraft:rabbit_stew":2,"minecraft:bow":3,"minecraft:potion":10,"minecraft:emerald_block":1,"minecraft:wolf_spawn_egg":1,"minecraft:netherite_pickaxe":75,"minecraft:potato":3,"minecraft:dragon_head":1},"minecraft:picked_up":{"minecraft:sponge":1,"minecraft:purple_dye":8,"minecraft:leather_chestplate":1,"minecraft:chicken":16,"minecraft:creeper_head":2,"minecraft:rabbit_stew":3,"minecraft:potato":13,"minecraft:enchanted_book":1,"minecraft:potion":11,"minecraft:mushroom_stew":3,"minecraft:dragon_head":1,"minecraft:chain":16,"minecraft:wither_skeleton_skull":2,"minecraft:dirt":3,"minecraft:name_tag":16,"minecraft:beetroot_soup":3,"minecraft:leather_boots":1,"minecraft:iron_shovel":3,"minecraft:zombie_head":2,"minecraft:magenta_wool":8,"minecraft:apple":2,"minecraft:bow":1,"minecraft:gold_nugget":2,"minecraft:light_blue_dye":8,"minecraft:cooked_chicken":7,"minecraft:netherite_axe":1,"minecraft:iron_pickaxe":2,"minecraft:glass_bottle":8,"minecraft:green_dye":8,"minecraft:lime_wool":2,"minecraft:emerald_block":2,"minecraft:orange_dye":8,"minecraft:red_wool":8,"minecraft:bowl":7,"minecraft:enderman_spawn_egg":2,"minecraft:gray_dye":16,"minecraft:cake":2,"minecraft:vine":14,"minecraft:diamond_block":2,"minecraft:netherite_pickaxe":3,"minecraft:orange_wool":3,"minecraft:black_dye":8,"minecraft:zombie_spawn_egg":1,"minecraft:iron_hoe":2,"minecraft:lime_dye":8,"minecraft:black_concrete":10,"minecraft:painting":15,"minecraft:blue_dye":16,"minecraft:green_wool":8,"minecraft:wolf_spawn_egg":1,"minecraft:totem_of_undying":10,"minecraft:iron_bars":2,"minecraft:obsidian":1,"minecraft:skeleton_skull":2,"minecraft:pink_dye":16}},"DataVersion":3465}