{"stats":{"minecraft:custom":{"minecraft:jump":1462,"minecraft:open_shulker_box":23,"minecraft:time_since_rest":20641,"minecraft:minecart_one_cm":2286,"minecraft:deaths":7,"minecraft:damage_dealt":775,"minecraft:crouch_one_cm":1665,"minecraft:walk_on_water_one_cm":11405,"minecraft:sprint_one_cm":78613,"minecraft:play_time":63562,"minecraft:damage_taken":9555,"minecraft:time_since_death":20638,"minecraft:walk_one_cm":244340,"minecraft:sneak_time":2057,"minecraft:climb_one_cm":5422,"minecraft:total_world_time":63562,"minecraft:walk_under_water_one_cm":10580,"minecraft:swim_one_cm":7481,"minecraft:boat_one_cm":5580,"minecraft:fall_one_cm":83286,"minecraft:fly_one_cm":106929,"minecraft:leave_game":1},"minecraft:killed_by":{"minecraft:player":1}},"DataVersion":3465}