{"stats":{"minecraft:mined":{"minecraft:grass":2},"minecraft:custom":{"minecraft:open_barrel":3,"minecraft:open_chest":11,"minecraft:time_since_rest":16529,"minecraft:crouch_one_cm":25961,"minecraft:open_shulker_box":8,"minecraft:sprint_one_cm":171626,"minecraft:play_time":113486,"minecraft:walk_one_cm":207571,"minecraft:damage_taken":6965,"minecraft:deaths":7,"minecraft:sneak_time":9234,"minecraft:walk_under_water_one_cm":7263,"minecraft:boat_one_cm":1530,"minecraft:jump":1781,"minecraft:minecart_one_cm":769,"minecraft:damage_dealt":1196,"minecraft:leave_game":3,"minecraft:walk_on_water_one_cm":26465,"minecraft:time_since_death":16526,"minecraft:total_world_time":113486,"minecraft:climb_one_cm":11261,"minecraft:swim_one_cm":6484,"minecraft:interact_with_crafting_table":3,"minecraft:fall_one_cm":95113,"minecraft:fly_one_cm":256030},"minecraft:killed_by":{"minecraft:player":1}},"DataVersion":3465}