{"stats":{"minecraft:mined":{"minecraft:slime_block":1,"minecraft:glass":2,"minecraft:lime_wool":1,"minecraft:yellow_stained_glass":41},"minecraft:custom":{"minecraft:mob_kills":1,"minecraft:leave_game":3,"minecraft:time_since_death":1235,"minecraft:damage_resisted":2875,"minecraft:time_since_rest":1264,"minecraft:open_enderchest":1,"minecraft:sprint_one_cm":57246,"minecraft:damage_taken":1434,"minecraft:walk_one_cm":85558,"minecraft:damage_blocked_by_shield":3023,"minecraft:drop":84,"minecraft:damage_dealt":881,"minecraft:talked_to_villager":1,"minecraft:fly_one_cm":147245,"minecraft:player_kills":1,"minecraft:crouch_one_cm":3108,"minecraft:play_time":34330,"minecraft:deaths":5,"minecraft:sneak_time":1231,"minecraft:jump":620,"minecraft:walk_on_water_one_cm":6030,"minecraft:total_world_time":34330,"minecraft:fall_one_cm":97596},"minecraft:broken":{"minecraft:shield":1,"minecraft:leather_boots":1,"minecraft:leather_chestplate":1},"minecraft:dropped":{"minecraft:enchanted_book":22,"minecraft:zombie_spawn_egg":1,"minecraft:vine":7,"minecraft:orange_dye":8,"minecraft:glass_bottle":1,"minecraft:twisting_vines":5,"minecraft:cyan_dye":8,"minecraft:yellow_wool":8,"minecraft:blue_wool":8,"minecraft:poisonous_potato":17,"minecraft:lime_wool":1,"minecraft:weeping_vines":6,"minecraft:light_gray_wool":8,"minecraft:iron_hoe":1,"minecraft:lime_dye":8,"minecraft:red_wool":8,"minecraft:orange_wool":5,"minecraft:skeleton_spawn_egg":1,"minecraft:enderman_spawn_egg":1,"minecraft:light_blue_dye":8,"minecraft:potato":13,"minecraft:gray_wool":8,"minecraft:cyan_wool":8,"minecraft:blue_dye":8,"minecraft:yellow_dye":8,"minecraft:green_dye":8,"minecraft:light_blue_wool":8,"minecraft:cake":1,"minecraft:pink_wool":8,"minecraft:brown_wool":8,"minecraft:leather_boots":3,"minecraft:ladder":11,"minecraft:rabbit_stew":1,"minecraft:cat_spawn_egg":1,"minecraft:potion":10,"minecraft:bow":1,"minecraft:chain":8,"minecraft:gold_nugget":4,"minecraft:light_gray_dye":8,"minecraft:red_dye":8,"minecraft:iron_pickaxe":1,"minecraft:purple_wool":8,"minecraft:iron_shovel":1,"minecraft:magenta_wool":8,"minecraft:white_wool":8,"minecraft:gray_dye":8,"minecraft:black_wool":8,"minecraft:bone":1,"minecraft:green_wool":8},"minecraft:killed_by":{"minecraft:player":3},"minecraft:used":{"minecraft:baked_potato":3,"minecraft:netherite_chestplate":1,"minecraft:lime_wool":8,"minecraft:shield":32,"minecraft:ender_chest":1,"minecraft:iron_chestplate":1,"minecraft:orange_wool":3,"minecraft:villager_spawn_egg":1,"minecraft:iron_axe":57,"minecraft:iron_helmet":1,"minecraft:bow":24,"minecraft:potion":1,"minecraft:iron_leggings":1},"minecraft:killed":{"minecraft:bat":1},"minecraft:picked_up":{"minecraft:iron_chestplate":1,"minecraft:leather_chestplate":1,"minecraft:purple_wool":8,"minecraft:ender_chest":2,"minecraft:ladder":11,"minecraft:rabbit_stew":1,"minecraft:yellow_wool":8,"minecraft:brown_wool":8,"minecraft:yellow_dye":8,"minecraft:beacon":1,"minecraft:pink_wool":8,"minecraft:potato":13,"minecraft:potion":11,"minecraft:enchanted_book":23,"minecraft:light_gray_dye":8,"minecraft:chain":8,"minecraft:shield":2,"minecraft:lapis_lazuli":24,"minecraft:iron_axe":1,"minecraft:cat_spawn_egg":1,"minecraft:twisting_vines":5,"minecraft:iron_leggings":1,"minecraft:leather_boots":4,"minecraft:netherite_ingot":1,"minecraft:iron_shovel":1,"minecraft:bone":1,"minecraft:magenta_wool":8,"minecraft:bow":1,"minecraft:gold_nugget":2,"minecraft:light_blue_dye":8,"minecraft:iron_ingot":14,"minecraft:red_dye":8,"minecraft:cyan_wool":8,"minecraft:iron_pickaxe":1,"minecraft:light_gray_wool":8,"minecraft:glass_bottle":5,"minecraft:green_dye":8,"minecraft:blue_wool":8,"minecraft:lime_wool":9,"minecraft:orange_dye":8,"minecraft:red_wool":8,"minecraft:bowl":1,"minecraft:poisonous_potato":17,"minecraft:gray_dye":8,"minecraft:enderman_spawn_egg":1,"minecraft:cake":1,"minecraft:villager_spawn_egg":1,"minecraft:vine":7,"minecraft:crying_obsidian":8,"minecraft:orange_wool":8,"minecraft:zombie_spawn_egg":1,"minecraft:iron_hoe":1,"minecraft:skeleton_spawn_egg":1,"minecraft:lime_dye":8,"minecraft:arrow":22,"minecraft:weeping_vines":6,"minecraft:slime_block":1,"minecraft:diamond":15,"minecraft:light_blue_wool":8,"minecraft:black_concrete":2,"minecraft:hay_block":13,"minecraft:iron_helmet":1,"minecraft:painting":1,"minecraft:blue_dye":8,"minecraft:emerald":11,"minecraft:gold_ingot":9,"minecraft:white_concrete":4,"minecraft:baked_potato":13,"minecraft:gray_wool":8,"minecraft:green_wool":8,"minecraft:netherite_chestplate":1,"minecraft:cyan_dye":8,"minecraft:black_wool":8,"minecraft:obsidian":11,"minecraft:white_wool":8}},"DataVersion":3465}