{"stats":{"minecraft:dropped":{"minecraft:birch_sign":2},"minecraft:custom":{"minecraft:jump":59,"minecraft:time_since_rest":3286,"minecraft:crouch_one_cm":184,"minecraft:sprint_one_cm":6905,"minecraft:leave_game":5,"minecraft:play_time":3286,"minecraft:damage_taken":20,"minecraft:time_since_death":3286,"minecraft:walk_one_cm":5469,"minecraft:sneak_time":164,"minecraft:climb_one_cm":898,"minecraft:total_world_time":3286,"minecraft:drop":1,"minecraft:fall_one_cm":1091,"minecraft:fly_one_cm":18632},"minecraft:picked_up":{"minecraft:birch_sign":2}},"DataVersion":3465}