{"stats":{"minecraft:mined":{"minecraft:glass_pane":1,"minecraft:iron_bars":2,"minecraft:sand":4,"minecraft:yellow_stained_glass":33},"minecraft:custom":{"minecraft:mob_kills":12,"minecraft:leave_game":2,"minecraft:time_since_death":1923,"minecraft:damage_resisted":1638,"minecraft:time_since_rest":1952,"minecraft:sprint_one_cm":84780,"minecraft:damage_absorbed":560,"minecraft:damage_taken":2333,"minecraft:walk_one_cm":175421,"minecraft:damage_blocked_by_shield":105,"minecraft:drop":56,"minecraft:damage_dealt":3665,"minecraft:swim_one_cm":267,"minecraft:talked_to_villager":1,"minecraft:fly_one_cm":94490,"minecraft:player_kills":10,"minecraft:open_chest":5,"minecraft:crouch_one_cm":788,"minecraft:play_time":33107,"minecraft:deaths":3,"minecraft:sneak_time":285,"minecraft:walk_under_water_one_cm":1807,"minecraft:aviate_one_cm":26968,"minecraft:jump":547,"minecraft:walk_on_water_one_cm":8864,"minecraft:total_world_time":33107,"minecraft:fall_one_cm":9045},"minecraft:broken":{"minecraft:leather_leggings":1,"minecraft:leather_chestplate":1},"minecraft:dropped":{"minecraft:wolf_spawn_egg":1,"minecraft:golden_pickaxe":2,"minecraft:glass_bottle":1,"minecraft:bowl":6,"minecraft:yellow_wool":8,"minecraft:obsidian":1,"minecraft:blue_wool":8,"minecraft:lime_wool":8,"minecraft:golden_axe":2,"minecraft:light_gray_wool":9,"minecraft:flower_banner_pattern":1,"minecraft:iron_hoe":1,"minecraft:creeper_banner_pattern":1,"minecraft:red_wool":8,"minecraft:saddle":2,"minecraft:golden_shovel":1,"minecraft:orange_wool":8,"minecraft:gray_wool":8,"minecraft:cyan_wool":8,"minecraft:birch_fence":3,"minecraft:skull_banner_pattern":1,"minecraft:piglin_banner_pattern":1,"minecraft:mojang_banner_pattern":1,"minecraft:mutton":1,"minecraft:light_blue_wool":8,"minecraft:white_concrete":20,"minecraft:pink_wool":8,"minecraft:brown_wool":8,"minecraft:bow":1,"minecraft:rabbit_stew":1,"minecraft:golden_hoe":1,"minecraft:iron_bars":2,"minecraft:gold_nugget":3,"minecraft:sunflower":2,"minecraft:sand":1,"minecraft:arrow":1,"minecraft:black_concrete":3,"minecraft:sugar":2,"minecraft:purple_wool":8,"minecraft:globe_banner_pattern":1,"minecraft:white_wool":8,"minecraft:magenta_wool":8,"minecraft:black_wool":8,"minecraft:green_wool":8},"minecraft:killed_by":{"minecraft:player":1},"minecraft:used":{"minecraft:netherite_sword":69,"minecraft:shield":2,"minecraft:golden_apple":5,"minecraft:golden_hoe":1,"minecraft:sand":5,"minecraft:mushroom_stew":1,"minecraft:golden_shovel":4,"minecraft:firework_rocket":1,"minecraft:iron_pickaxe":1,"minecraft:bow":1,"minecraft:rabbit_stew":2,"minecraft:netherite_boots":1,"minecraft:ocelot_spawn_egg":2,"minecraft:potion":1,"minecraft:enchanted_golden_apple":3,"minecraft:golden_axe":3,"minecraft:golden_pickaxe":2,"minecraft:beetroot_soup":2},"minecraft:killed":{"minecraft:witch":1,"minecraft:blaze":11},"minecraft:picked_up":{"minecraft:lapis_ore":6,"minecraft:netherite_boots":2,"minecraft:leather_chestplate":3,"minecraft:purple_wool":8,"minecraft:golden_pickaxe":2,"minecraft:yellow_wool":8,"minecraft:rabbit_stew":7,"minecraft:leather_leggings":1,"minecraft:brown_wool":8,"minecraft:pink_wool":16,"minecraft:enchanted_book":13,"minecraft:potion":2,"minecraft:golden_shovel":1,"minecraft:mushroom_stew":9,"minecraft:skull_banner_pattern":1,"minecraft:ancient_debris":4,"minecraft:shield":2,"minecraft:elytra":1,"minecraft:iron_axe":1,"minecraft:globe_banner_pattern":1,"minecraft:beetroot_soup":8,"minecraft:iron_shovel":1,"minecraft:birch_fence":3,"minecraft:magenta_wool":16,"minecraft:creeper_banner_pattern":1,"minecraft:apple":1,"minecraft:bow":1,"minecraft:gold_nugget":1,"minecraft:netherite_sword":1,"minecraft:iron_ore":6,"minecraft:cyan_wool":8,"minecraft:flower_banner_pattern":1,"minecraft:iron_pickaxe":1,"minecraft:light_gray_wool":9,"minecraft:enchanted_golden_apple":6,"minecraft:diamond_ore":7,"minecraft:book":13,"minecraft:blue_wool":8,"minecraft:tipped_arrow":2,"minecraft:lime_wool":8,"minecraft:mojang_banner_pattern":1,"minecraft:nether_quartz_ore":10,"minecraft:red_wool":8,"minecraft:bowl":1,"minecraft:sand":6,"minecraft:golden_axe":2,"minecraft:gold_ore":8,"minecraft:orange_wool":8,"minecraft:iron_hoe":1,"minecraft:sugar":2,"minecraft:firework_rocket":13,"minecraft:nether_gold_ore":6,"minecraft:arrow":1,"minecraft:coal_ore":8,"minecraft:light_blue_wool":8,"minecraft:black_concrete":3,"minecraft:golden_hoe":1,"minecraft:redstone_ore":11,"minecraft:saddle":2,"minecraft:white_concrete":21,"minecraft:gray_wool":8,"minecraft:golden_apple":12,"minecraft:green_wool":24,"minecraft:bookshelf":5,"minecraft:wolf_spawn_egg":1,"minecraft:piglin_banner_pattern":1,"minecraft:mutton":1,"minecraft:black_wool":8,"minecraft:iron_bars":2,"minecraft:white_wool":8,"minecraft:emerald_ore":6,"minecraft:sunflower":1}},"DataVersion":3465}