{"stats":{"minecraft:custom":{"minecraft:jump":1836,"minecraft:open_chest":1,"minecraft:time_since_rest":16985,"minecraft:open_shulker_box":1,"minecraft:deaths":8,"minecraft:minecart_one_cm":451,"minecraft:damage_dealt":1225,"minecraft:crouch_one_cm":11975,"minecraft:damage_taken":7228,"minecraft:sprint_one_cm":187006,"minecraft:play_time":72643,"minecraft:walk_on_water_one_cm":31679,"minecraft:time_since_death":16982,"minecraft:walk_one_cm":256982,"minecraft:sneak_time":3619,"minecraft:climb_one_cm":5815,"minecraft:total_world_time":72643,"minecraft:walk_under_water_one_cm":4627,"minecraft:swim_one_cm":8215,"minecraft:boat_one_cm":1395,"minecraft:fall_one_cm":110354,"minecraft:fly_one_cm":302019,"minecraft:player_kills":2,"minecraft:leave_game":1}},"DataVersion":3465}