{"stats":{"minecraft:picked_up":{"minecraft:sponge":1,"minecraft:light_weighted_pressure_plate":1},"minecraft:killed":{"minecraft:slime":4},"minecraft:dropped":{"minecraft:dirt":1,"minecraft:sponge":2,"minecraft:repeater":1,"minecraft:lantern":3,"minecraft:comparator":1,"minecraft:command_block":1},"minecraft:used":{"minecraft:birch_fence":27,"minecraft:oak_fence":6,"minecraft:netherite_sword":2,"minecraft:water_bucket":2,"minecraft:mossy_stone_bricks":1,"minecraft:light":1,"minecraft:black_concrete":2,"minecraft:command_block":33,"minecraft:slime_block":28,"minecraft:spruce_button":1,"minecraft:lantern":6,"minecraft:light_weighted_pressure_plate":2,"minecraft:barrier":7,"minecraft:grass_block":9,"minecraft:stone_shovel":4,"minecraft:redstone":10,"minecraft:oak_button":2,"minecraft:verdant_froglight":5,"minecraft:quartz_block":21,"minecraft:wet_sponge":2,"minecraft:stone":36,"minecraft:redstone_block":21,"minecraft:structure_void":19,"minecraft:mud_bricks":1,"minecraft:grass":2,"minecraft:barrel":41,"minecraft:player_head":2,"minecraft:stone_bricks":1,"minecraft:slime_spawn_egg":7,"minecraft:debug_stick":3,"minecraft:torch":1,"minecraft:coal_block":2,"minecraft:repeater":11,"minecraft:dirt":32,"minecraft:comparator":9,"minecraft:soul_soil":1,"minecraft:blast_furnace":2,"minecraft:campfire":2,"minecraft:acacia_fence":3,"minecraft:chain_command_block":1,"minecraft:repeating_command_block":8,"minecraft:sponge":22,"minecraft:dripstone_block":1,"minecraft:pearlescent_froglight":5,"minecraft:black_concrete_powder":8},"minecraft:custom":{"minecraft:time_since_rest":61630,"minecraft:sprint_one_cm":133762,"minecraft:damage_taken":7530,"minecraft:walk_one_cm":156801,"minecraft:mob_kills":4,"minecraft:drop":9,"minecraft:damage_dealt":20,"minecraft:minecart_one_cm":2496,"minecraft:swim_one_cm":3227,"minecraft:fly_one_cm":543322,"minecraft:open_barrel":87,"minecraft:open_chest":4,"minecraft:crouch_one_cm":9759,"minecraft:play_time":141246,"minecraft:open_shulker_box":1,"minecraft:deaths":19,"minecraft:sneak_time":8608,"minecraft:walk_under_water_one_cm":12458,"minecraft:boat_one_cm":17,"minecraft:jump":2083,"minecraft:walk_on_water_one_cm":7540,"minecraft:interact_with_blast_furnace":5,"minecraft:leave_game":10,"minecraft:time_since_death":61629,"minecraft:total_world_time":197719,"minecraft:climb_one_cm":3644,"minecraft:fall_one_cm":49807}},"DataVersion":3465}