{"stats":{"minecraft:custom":{"minecraft:interact_with_furnace":1,"minecraft:open_barrel":1,"minecraft:open_shulker_box":2,"minecraft:leave_game":5,"minecraft:time_since_death":621,"minecraft:climb_one_cm":5977,"minecraft:time_since_rest":621,"minecraft:sprint_one_cm":157253,"minecraft:damage_taken":11520,"minecraft:walk_one_cm":95259,"minecraft:drop":2,"minecraft:minecart_one_cm":681,"minecraft:swim_one_cm":4938,"minecraft:fly_one_cm":1728766,"minecraft:open_chest":1,"minecraft:crouch_one_cm":16864,"minecraft:play_time":164622,"minecraft:deaths":29,"minecraft:sneak_time":14487,"minecraft:walk_under_water_one_cm":7133,"minecraft:boat_one_cm":4,"minecraft:jump":1381,"minecraft:walk_on_water_one_cm":18309,"minecraft:total_world_time":382758,"minecraft:fall_one_cm":203151},"minecraft:used":{"minecraft:mangrove_leaves":16,"minecraft:emerald_ore":2,"minecraft:calcite":1,"minecraft:oak_fence":3,"minecraft:quartz_bricks":2,"minecraft:moss_block":6,"minecraft:stripped_acacia_wood":2,"minecraft:purpur_block":2,"minecraft:water_bucket":19,"minecraft:end_stone_bricks":5,"minecraft:red_sand":1,"minecraft:polished_deepslate":1,"minecraft:orange_concrete":1,"minecraft:dead_bush":3,"minecraft:red_concrete":1,"minecraft:spruce_slab":1,"minecraft:oak_planks":1,"minecraft:red_nether_bricks":2,"minecraft:lime_wool":1,"minecraft:ladder":2,"minecraft:mycelium":1,"minecraft:black_carpet":1,"minecraft:lime_concrete_powder":1,"minecraft:spruce_planks":4,"minecraft:sandstone":7,"minecraft:white_terracotta":2,"minecraft:redstone_block":5,"minecraft:stone":31,"minecraft:end_stone_brick_slab":2,"minecraft:structure_void":2,"minecraft:blue_concrete_powder":1,"minecraft:sculk":1,"minecraft:spruce_sign":9,"minecraft:white_dye":4,"minecraft:glow_ink_sac":4,"minecraft:player_head":6,"minecraft:gold_ore":1,"minecraft:deepslate_bricks":1,"minecraft:netherrack":4,"minecraft:diamond_block":1,"minecraft:dirt":39,"minecraft:sand":4,"minecraft:comparator":1,"minecraft:vine":10,"minecraft:cut_copper":1,"minecraft:chorus_flower":1,"minecraft:twisting_vines":2,"minecraft:sponge":2,"minecraft:dripstone_block":1,"minecraft:gray_concrete":2,"minecraft:tuff":1,"minecraft:black_concrete_powder":1,"minecraft:end_stone":2,"minecraft:birch_fence":12,"minecraft:shroomlight":1,"minecraft:spruce_boat":3,"minecraft:honeycomb":6,"minecraft:packed_ice":6,"minecraft:mud":1,"minecraft:stone_brick_slab":8,"minecraft:honey_block":1,"minecraft:green_concrete":17,"minecraft:light":44,"minecraft:red_sandstone":1,"minecraft:black_concrete":140,"minecraft:coal_ore":4,"minecraft:command_block":83,"minecraft:quartz_slab":3,"minecraft:light_weighted_pressure_plate":78,"minecraft:grass_block":91,"minecraft:barrier":26,"minecraft:warped_slab":5,"minecraft:quartz_block":12,"minecraft:green_wool":1,"minecraft:wet_sponge":2,"minecraft:warped_nylium":1,"minecraft:white_glazed_terracotta":2,"minecraft:red_terracotta":3,"minecraft:smooth_quartz":26,"minecraft:mud_bricks":2,"minecraft:deepslate":6,"minecraft:gravel":2,"minecraft:stone_bricks":15,"minecraft:smooth_basalt":1,"minecraft:bedrock":3,"minecraft:light_gray_wool":1,"minecraft:coal_block":1,"minecraft:glowstone":3,"minecraft:repeater":1,"minecraft:honeycomb_block":2,"minecraft:snow":1,"minecraft:black_stained_glass":11,"minecraft:hay_block":1,"minecraft:soul_soil":2,"minecraft:yellow_glazed_terracotta":1,"minecraft:red_concrete_powder":3,"minecraft:lime_stained_glass":2,"minecraft:smithing_table":1,"minecraft:andesite":3,"minecraft:deepslate_coal_ore":5,"minecraft:gold_block":4,"minecraft:repeating_command_block":19,"minecraft:end_portal_frame":2,"minecraft:white_concrete":1,"minecraft:powder_snow_bucket":1,"minecraft:bone_meal":139,"minecraft:diorite_slab":2},"minecraft:dropped":{"minecraft:bone_meal":1,"minecraft:lily_pad":64},"minecraft:picked_up":{"minecraft:black_carpet":44,"minecraft:lily_pad":65,"minecraft:moss_carpet":2,"minecraft:twisting_vines":33,"minecraft:light_weighted_pressure_plate":2,"minecraft:bamboo":64,"minecraft:stick":7,"minecraft:bone_meal":1,"minecraft:glow_berries":1,"minecraft:mangrove_propagule":3}},"DataVersion":3465}